Filename,Label,Species
20170913-102531-3.jpg,5,Rubber vine
20170913-115222-2.jpg,5,Rubber vine
20171113-093033-1.jpg,5,Rubber vine
20170913-122938-1.jpg,5,Rubber vine
20171109-194934-1.jpg,5,Rubber vine
20171109-092528-3.jpg,5,Rubber vine
20171109-074209-3.jpg,5,Rubber vine
20171109-085130-2.jpg,5,Rubber vine
20171109-091257-3.jpg,5,Rubber vine
20171109-090139-1.jpg,5,Rubber vine
20171122-104333-1.jpg,5,Rubber vine
20171109-073321-3.jpg,5,Rubber vine
20171108-130459-3.jpg,5,Rubber vine
20171109-073626-1.jpg,5,Rubber vine
20171113-102132-1.jpg,5,Rubber vine
20171109-180010-2.jpg,5,Rubber vine
20171108-125348-3.jpg,5,Rubber vine
20171113-092616-3.jpg,5,Rubber vine
20171109-091025-3.jpg,5,Rubber vine
20171109-071422-3.jpg,5,Rubber vine
20171109-070308-1.jpg,5,Rubber vine
20171108-125451-3.jpg,5,Rubber vine
20171113-092056-3.jpg,5,Rubber vine
20171109-093038-1.jpg,5,Rubber vine
20171109-090749-1.jpg,5,Rubber vine
20171113-092631-1.jpg,5,Rubber vine
20171109-092105-1.jpg,5,Rubber vine
20170913-125115-3.jpg,5,Rubber vine
20171109-090611-1.jpg,5,Rubber vine
20171109-071508-1.jpg,5,Rubber vine
20171109-090323-1.jpg,5,Rubber vine
20171113-092514-3.jpg,5,Rubber vine
20171109-085554-2.jpg,5,Rubber vine
20170913-101538-3.jpg,5,Rubber vine
20171113-094525-3.jpg,5,Rubber vine
20170913-105009-3.jpg,5,Rubber vine
20171113-100858-1.jpg,5,Rubber vine
20171109-090804-1.jpg,5,Rubber vine
20170913-101140-3.jpg,5,Rubber vine
20171113-101436-1.jpg,5,Rubber vine
20171113-101809-1.jpg,5,Rubber vine
20171109-095805-3.jpg,5,Rubber vine
20171109-085222-3.jpg,5,Rubber vine
20171108-123917-3.jpg,5,Rubber vine
20171109-072638-1.jpg,5,Rubber vine
20171109-090359-1.jpg,5,Rubber vine
20170913-124440-3.jpg,5,Rubber vine
20171109-090954-1.jpg,5,Rubber vine
20171109-092312-1.jpg,5,Rubber vine
20170913-104016-3.jpg,5,Rubber vine
20170913-124422-3.jpg,5,Rubber vine
20171113-095350-1.jpg,5,Rubber vine
20170913-120303-2.jpg,5,Rubber vine
20171122-103752-1.jpg,5,Rubber vine
20171109-091324-1.jpg,5,Rubber vine
20171122-095852-1.jpg,5,Rubber vine
20171109-092120-1.jpg,5,Rubber vine
20171109-195110-1.jpg,5,Rubber vine
20171109-093218-3.jpg,5,Rubber vine
20170913-121615-1.jpg,5,Rubber vine
20170913-123404-2.jpg,5,Rubber vine
20170913-125509-2.jpg,5,Rubber vine
20171109-074508-3.jpg,5,Rubber vine
20171113-092207-1.jpg,5,Rubber vine
20171109-074315-1.jpg,5,Rubber vine
20171109-093204-2.jpg,5,Rubber vine
20171109-092035-1.jpg,5,Rubber vine
20171122-103413-1.jpg,5,Rubber vine
20171113-095050-1.jpg,5,Rubber vine
20171109-070618-1.jpg,5,Rubber vine
20171122-104222-1.jpg,5,Rubber vine
20170913-103211-3.jpg,5,Rubber vine
20171109-085941-1.jpg,5,Rubber vine
20171109-074650-1.jpg,5,Rubber vine
20171109-091313-3.jpg,5,Rubber vine
20170913-122147-1.jpg,5,Rubber vine
20171122-103505-1.jpg,5,Rubber vine
20171109-075027-3.jpg,5,Rubber vine
20171109-194843-1.jpg,5,Rubber vine
20171109-085336-3.jpg,5,Rubber vine
20171122-101845-1.jpg,5,Rubber vine
20170913-124549-3.jpg,5,Rubber vine
20171109-091143-2.jpg,5,Rubber vine
20171109-090420-1.jpg,5,Rubber vine
20171113-101125-1.jpg,5,Rubber vine
20171109-090638-3.jpg,5,Rubber vine
20171122-104304-1.jpg,5,Rubber vine
20170913-100755-3.jpg,5,Rubber vine
20171109-193838-1.jpg,5,Rubber vine
20171109-084701-3.jpg,5,Rubber vine
20171109-194200-1.jpg,5,Rubber vine
20171109-091235-3.jpg,5,Rubber vine
20171109-092149-1.jpg,5,Rubber vine
20171109-071315-1.jpg,5,Rubber vine
20171109-091016-2.jpg,5,Rubber vine
20171109-074558-1.jpg,5,Rubber vine
20171108-125406-3.jpg,5,Rubber vine
20171109-194817-1.jpg,5,Rubber vine
20171113-060650-1.jpg,5,Rubber vine
20171109-085248-2.jpg,5,Rubber vine
20171109-075003-3.jpg,5,Rubber vine
20171113-092650-1.jpg,5,Rubber vine
20170913-100221-3.jpg,5,Rubber vine
20171113-100821-1.jpg,5,Rubber vine
20171113-102023-1.jpg,5,Rubber vine
20171109-073724-1.jpg,5,Rubber vine
20170913-125011-3.jpg,5,Rubber vine
20171109-074809-1.jpg,5,Rubber vine
20171109-090929-2.jpg,5,Rubber vine
20171109-072431-3.jpg,5,Rubber vine
20171109-092545-3.jpg,5,Rubber vine
20171109-092552-1.jpg,5,Rubber vine
20171113-092956-3.jpg,5,Rubber vine
20171109-091520-3.jpg,5,Rubber vine
20171109-074255-1.jpg,5,Rubber vine
20171109-071817-3.jpg,5,Rubber vine
20171109-085346-2.jpg,5,Rubber vine
20171122-100347-1.jpg,5,Rubber vine
20171109-090053-1.jpg,5,Rubber vine
20171109-074736-1.jpg,5,Rubber vine
20171109-094232-2.jpg,5,Rubber vine
20171109-093229-2.jpg,5,Rubber vine
20171109-074637-1.jpg,5,Rubber vine
20170913-100601-3.jpg,5,Rubber vine
20170913-122841-1.jpg,5,Rubber vine
20171109-095615-3.jpg,5,Rubber vine
20171109-072658-3.jpg,5,Rubber vine
20171109-072057-3.jpg,5,Rubber vine
20171109-091517-1.jpg,5,Rubber vine
20171109-072633-3.jpg,5,Rubber vine
20170913-103603-3.jpg,5,Rubber vine
20170913-124610-1.jpg,5,Rubber vine
20170913-121711-1.jpg,5,Rubber vine
20171109-090236-1.jpg,5,Rubber vine
20171109-084949-3.jpg,5,Rubber vine
20171109-090822-1.jpg,5,Rubber vine
20171109-092239-2.jpg,5,Rubber vine
20171109-092513-2.jpg,5,Rubber vine
20171109-093602-2.jpg,5,Rubber vine
20171109-091743-3.jpg,5,Rubber vine
20171122-100508-1.jpg,5,Rubber vine
20171109-091037-2.jpg,5,Rubber vine
20171109-092448-1.jpg,5,Rubber vine
20171113-095025-3.jpg,5,Rubber vine
20171109-072219-1.jpg,5,Rubber vine
20170913-100429-3.jpg,5,Rubber vine
20171109-074141-3.jpg,5,Rubber vine
20171109-093232-1.jpg,5,Rubber vine
20171122-104347-1.jpg,5,Rubber vine
20171113-060420-1.jpg,5,Rubber vine
20171109-093551-2.jpg,5,Rubber vine
20171122-103247-1.jpg,5,Rubber vine
20170913-124458-1.jpg,5,Rubber vine
20171109-070827-1.jpg,5,Rubber vine
20171113-095558-1.jpg,5,Rubber vine
20170913-124346-1.jpg,5,Rubber vine
20171109-070737-3.jpg,5,Rubber vine
20171109-092048-1.jpg,5,Rubber vine
20171109-071437-1.jpg,5,Rubber vine
20171109-073310-1.jpg,5,Rubber vine
20170913-104029-3.jpg,5,Rubber vine
20171109-092320-2.jpg,5,Rubber vine
20171122-103738-1.jpg,5,Rubber vine
20171109-074730-3.jpg,5,Rubber vine
20171109-072806-3.jpg,5,Rubber vine
20171122-103612-1.jpg,5,Rubber vine
20171109-094157-2.jpg,5,Rubber vine
20170913-120559-2.jpg,5,Rubber vine
20171109-093200-3.jpg,5,Rubber vine
20171113-101919-1.jpg,5,Rubber vine
20170913-124142-1.jpg,5,Rubber vine
20171109-074022-3.jpg,5,Rubber vine
20170913-124246-1.jpg,5,Rubber vine
20171113-093538-3.jpg,5,Rubber vine
20171109-090246-3.jpg,5,Rubber vine
20171109-090623-3.jpg,5,Rubber vine
20170913-121227-1.jpg,5,Rubber vine
20171109-073641-3.jpg,5,Rubber vine
20171109-175424-2.jpg,5,Rubber vine
20171113-095617-1.jpg,5,Rubber vine
20171122-101719-1.jpg,5,Rubber vine
20171109-072154-3.jpg,5,Rubber vine
20171122-100943-1.jpg,5,Rubber vine
20170913-115951-2.jpg,5,Rubber vine
20171109-072202-1.jpg,5,Rubber vine
20170913-121858-1.jpg,5,Rubber vine
20170913-123504-2.jpg,5,Rubber vine
20171109-195013-1.jpg,5,Rubber vine
20171109-093528-3.jpg,5,Rubber vine
20170913-104738-3.jpg,5,Rubber vine
20171109-074707-1.jpg,5,Rubber vine
20170913-105841-3.jpg,5,Rubber vine
20171113-102541-1.jpg,5,Rubber vine
20171109-093530-3.jpg,5,Rubber vine
20170913-121313-2.jpg,5,Rubber vine
20171113-100514-3.jpg,5,Rubber vine
20171109-092404-2.jpg,5,Rubber vine
20171109-092023-1.jpg,5,Rubber vine
20170913-125708-3.jpg,5,Rubber vine
20170913-104608-3.jpg,5,Rubber vine
20171109-090219-3.jpg,5,Rubber vine
20180112-072618-2.jpg,8,Negative
20180112-074411-1.jpg,8,Negative
20180322-103204-1.jpg,8,Negative
20171203-174128-3.jpg,8,Negative
20180105-094932-2.jpg,8,Negative
20180109-091058-2.jpg,8,Negative
20180112-092924-1.jpg,8,Negative
20171218-110553-3.jpg,8,Negative
20180105-094925-2.jpg,8,Negative
20180112-081125-2.jpg,8,Negative
20171218-103225-2.jpg,8,Negative
20171212-093855-1.jpg,8,Negative
20171218-114955-3.jpg,8,Negative
20180109-095848-2.jpg,8,Negative
20171219-094128-3.jpg,8,Negative
20171219-094811-2.jpg,8,Negative
20180119-113852-2.jpg,8,Negative
20171220-083017-2.jpg,8,Negative
20171219-123652-2.jpg,8,Negative
20170501-145316-0.jpg,8,Negative
20171203-172822-3.jpg,8,Negative
20180105-101341-2.jpg,8,Negative
20180119-111243-2.jpg,8,Negative
20180119-115505-2.jpg,8,Negative
20180109-104537-2.jpg,8,Negative
20180119-110218-2.jpg,8,Negative
20180119-104528-1.jpg,8,Negative
20180119-110000-2.jpg,8,Negative
20180109-101026-1.jpg,8,Negative
20171218-111642-2.jpg,8,Negative
20171219-094456-3.jpg,8,Negative
20171218-121722-2.jpg,8,Negative
20180112-072738-2.jpg,8,Negative
20180112-103832-2.jpg,8,Negative
20170501-145700-0.jpg,8,Negative
20180119-110410-2.jpg,8,Negative
20180109-095735-1.jpg,8,Negative
20180109-091426-2.jpg,8,Negative
20171219-114710-2.jpg,8,Negative
20170129-103415-0.jpg,8,Negative
20171205-124928-2.jpg,8,Negative
20180119-105812-1.jpg,8,Negative
20171219-094400-2.jpg,8,Negative
20180109-075252-1.jpg,8,Negative
20180109-103828-1.jpg,8,Negative
20171220-091742-3.jpg,8,Negative
20180109-092118-1.jpg,8,Negative
20180105-103706-2.jpg,8,Negative
20180119-115648-2.jpg,8,Negative
20180112-070544-2.jpg,8,Negative
20171220-082846-2.jpg,8,Negative
20180119-104346-1.jpg,8,Negative
20171218-110857-3.jpg,8,Negative
20180125-130833-2.jpg,8,Negative
20180322-104336-2.jpg,8,Negative
20180112-092757-2.jpg,8,Negative
20171219-094530-2.jpg,8,Negative
20170128-102804-0.jpg,8,Negative
20180119-113355-1.jpg,8,Negative
20180322-121653-2.jpg,8,Negative
20180119-113736-2.jpg,8,Negative
20180322-113635-1.jpg,8,Negative
20180105-095907-2.jpg,8,Negative
20180109-090051-2.jpg,8,Negative
20180119-105849-2.jpg,8,Negative
20171212-102928-3.jpg,8,Negative
20180119-104741-1.jpg,8,Negative
20180109-110057-2.jpg,8,Negative
20171218-122149-3.jpg,8,Negative
20180109-085739-1.jpg,8,Negative
20180109-102917-1.jpg,8,Negative
20180322-124638-1.jpg,8,Negative
20171220-092812-2.jpg,8,Negative
20180112-081557-2.jpg,8,Negative
20171220-084027-2.jpg,8,Negative
20180125-091323-2.jpg,8,Negative
20180109-090154-1.jpg,8,Negative
20171220-101319-2.jpg,8,Negative
20170501-145336-0.jpg,8,Negative
20171218-111715-2.jpg,8,Negative
20180105-100924-3.jpg,8,Negative
20171203-174301-3.jpg,8,Negative
20180109-110145-2.jpg,8,Negative
20180112-081057-1.jpg,8,Negative
20180105-101933-2.jpg,8,Negative
20180112-083002-1.jpg,8,Negative
20171203-172649-3.jpg,8,Negative
20180119-105910-1.jpg,8,Negative
20180119-110537-2.jpg,8,Negative
20180109-070557-1.jpg,8,Negative
20171203-173455-3.jpg,8,Negative
20180119-115331-2.jpg,8,Negative
20170315-090434-0.jpg,8,Negative
20180125-094438-2.jpg,8,Negative
20180112-082709-1.jpg,8,Negative
20180109-075210-1.jpg,8,Negative
20180322-130402-1.jpg,8,Negative
20180322-124504-1.jpg,8,Negative
20171212-100104-1.jpg,8,Negative
20171220-094608-1.jpg,8,Negative
20171219-112256-3.jpg,8,Negative
20171205-141004-2.jpg,8,Negative
20171219-094823-3.jpg,8,Negative
20180109-091548-2.jpg,8,Negative
20180109-070944-2.jpg,8,Negative
20171220-085223-2.jpg,8,Negative
20180119-110042-1.jpg,8,Negative
20180109-091943-2.jpg,8,Negative
20171220-084341-2.jpg,8,Negative
20180112-073411-1.jpg,8,Negative
20180322-113835-2.jpg,8,Negative
20180125-094205-1.jpg,8,Negative
20171212-093408-3.jpg,8,Negative
20180105-100326-3.jpg,8,Negative
20180322-125406-1.jpg,8,Negative
20180105-101202-2.jpg,8,Negative
20180119-114600-1.jpg,8,Negative
20180125-132708-2.jpg,8,Negative
20180109-072035-1.jpg,8,Negative
20171219-112556-2.jpg,8,Negative
20171212-100115-1.jpg,8,Negative
20171219-114952-2.jpg,8,Negative
20180109-085911-1.jpg,8,Negative
20180322-104606-1.jpg,8,Negative
20180125-092152-1.jpg,8,Negative
20180125-131432-2.jpg,8,Negative
20180112-102927-1.jpg,8,Negative
20180322-102450-2.jpg,8,Negative
20171218-111151-3.jpg,8,Negative
20180109-105127-1.jpg,8,Negative
20180125-134757-3.jpg,8,Negative
20180322-115038-1.jpg,8,Negative
20171218-121044-3.jpg,8,Negative
20180112-102450-2.jpg,8,Negative
20180112-074943-2.jpg,8,Negative
20180119-105211-1.jpg,8,Negative
20180105-101602-2.jpg,8,Negative
20180125-131441-2.jpg,8,Negative
20171220-101129-1.jpg,8,Negative
20171220-085108-2.jpg,8,Negative
20171203-173141-3.jpg,8,Negative
20180322-125915-1.jpg,8,Negative
20180112-092529-2.jpg,8,Negative
20180109-100311-1.jpg,8,Negative
20180119-114423-1.jpg,8,Negative
20180125-130149-2.jpg,8,Negative
20171201-120413-1.jpg,8,Negative
20180125-101952-2.jpg,8,Negative
20180105-104428-1.jpg,8,Negative
20171212-095346-1.jpg,8,Negative
20170128-102105-0.jpg,8,Negative
20180109-091145-2.jpg,8,Negative
20180105-101504-2.jpg,8,Negative
20180125-093056-2.jpg,8,Negative
20171219-094840-2.jpg,8,Negative
20180112-072730-1.jpg,8,Negative
20180322-114749-1.jpg,8,Negative
20180109-073024-2.jpg,8,Negative
20180112-093712-2.jpg,8,Negative
20171219-093306-3.jpg,8,Negative
20180125-134859-3.jpg,8,Negative
20180112-074438-1.jpg,8,Negative
20180105-101033-3.jpg,8,Negative
20180112-072148-2.jpg,8,Negative
20171220-091228-2.jpg,8,Negative
20180125-131335-2.jpg,8,Negative
20171220-094808-1.jpg,8,Negative
20180112-103024-1.jpg,8,Negative
20180109-101429-2.jpg,8,Negative
20180322-121555-2.jpg,8,Negative
20180109-073104-2.jpg,8,Negative
20180112-093427-1.jpg,8,Negative
20171205-134624-2.jpg,8,Negative
20180109-071904-2.jpg,8,Negative
20180119-111554-2.jpg,8,Negative
20180105-093745-3.jpg,8,Negative
20170315-090514-0.jpg,8,Negative
20180112-071920-1.jpg,8,Negative
20180105-091601-2.jpg,8,Negative
20180322-131639-1.jpg,8,Negative
20171220-100628-1.jpg,8,Negative
20171219-094732-2.jpg,8,Negative
20171219-095712-3.jpg,8,Negative
20180119-113639-2.jpg,8,Negative
20180112-081708-1.jpg,8,Negative
20180125-132908-3.jpg,8,Negative
20180105-092306-3.jpg,8,Negative
20180109-103331-2.jpg,8,Negative
20180109-085727-1.jpg,8,Negative
20180109-101415-1.jpg,8,Negative
20180322-105228-1.jpg,8,Negative
20180109-102932-2.jpg,8,Negative
20170501-145910-0.jpg,8,Negative
20180125-091817-1.jpg,8,Negative
20180112-070516-2.jpg,8,Negative
20171212-105549-3.jpg,8,Negative
20180112-080842-2.jpg,8,Negative
20180112-081803-2.jpg,8,Negative
20180109-074219-2.jpg,8,Negative
20171203-171929-3.jpg,8,Negative
20180125-100808-1.jpg,8,Negative
20170920-134930-2.jpg,2,Parkinsonia
20170920-121137-2.jpg,2,Parkinsonia
20170920-113554-2.jpg,2,Parkinsonia
20170920-112135-2.jpg,2,Parkinsonia
20170920-191259-1.jpg,2,Parkinsonia
20170920-162519-3.jpg,2,Parkinsonia
20170920-191319-1.jpg,2,Parkinsonia
20170920-115307-2.jpg,2,Parkinsonia
20171102-103338-2.jpg,2,Parkinsonia
20171102-120414-2.jpg,2,Parkinsonia
20171102-123122-2.jpg,2,Parkinsonia
20170920-114939-3.jpg,2,Parkinsonia
20171102-104943-3.jpg,2,Parkinsonia
20171102-120320-1.jpg,2,Parkinsonia
20171102-120350-1.jpg,2,Parkinsonia
20170920-192007-1.jpg,2,Parkinsonia
20170920-112901-3.jpg,2,Parkinsonia
20170920-095743-2.jpg,2,Parkinsonia
20171102-120404-1.jpg,2,Parkinsonia
20170920-160218-3.jpg,2,Parkinsonia
20170920-094446-2.jpg,2,Parkinsonia
20170920-112624-2.jpg,2,Parkinsonia
20171102-122743-3.jpg,2,Parkinsonia
20170920-163639-3.jpg,2,Parkinsonia
20170920-112451-2.jpg,2,Parkinsonia
20171102-121316-2.jpg,2,Parkinsonia
20171102-122522-1.jpg,2,Parkinsonia
20170920-101745-1.jpg,2,Parkinsonia
20170920-133333-2.jpg,2,Parkinsonia
20170920-112835-3.jpg,2,Parkinsonia
20171102-104458-1.jpg,2,Parkinsonia
20171102-115127-1.jpg,2,Parkinsonia
20170920-175240-1.jpg,2,Parkinsonia
20171102-115830-3.jpg,2,Parkinsonia
20170920-171139-3.jpg,2,Parkinsonia
20170920-111647-2.jpg,2,Parkinsonia
20170920-140003-2.jpg,2,Parkinsonia
20171102-122719-2.jpg,2,Parkinsonia
20171102-115311-2.jpg,2,Parkinsonia
20170920-130458-2.jpg,2,Parkinsonia
20171102-115858-3.jpg,2,Parkinsonia
20170920-191022-1.jpg,2,Parkinsonia
20170920-113634-3.jpg,2,Parkinsonia
20170920-112622-3.jpg,2,Parkinsonia
20170920-164757-3.jpg,2,Parkinsonia
20170920-101258-1.jpg,2,Parkinsonia
20170920-183617-1.jpg,2,Parkinsonia
20170920-121355-2.jpg,2,Parkinsonia
20170920-180512-1.jpg,2,Parkinsonia
20171102-115408-3.jpg,2,Parkinsonia
20170920-095541-2.jpg,2,Parkinsonia
20171102-114650-1.jpg,2,Parkinsonia
20170920-162438-3.jpg,2,Parkinsonia
20170920-114548-2.jpg,2,Parkinsonia
20171102-122334-3.jpg,2,Parkinsonia
20171102-104334-1.jpg,2,Parkinsonia
20171102-102737-3.jpg,2,Parkinsonia
20170920-113838-3.jpg,2,Parkinsonia
20170920-164246-3.jpg,2,Parkinsonia
20171102-115748-1.jpg,2,Parkinsonia
20170920-095857-1.jpg,2,Parkinsonia
20171102-102846-3.jpg,2,Parkinsonia
20170920-190019-1.jpg,2,Parkinsonia
20170920-192753-1.jpg,2,Parkinsonia
20171102-122709-2.jpg,2,Parkinsonia
20170920-171751-1.jpg,2,Parkinsonia
20170920-112029-2.jpg,2,Parkinsonia
20170920-111954-2.jpg,2,Parkinsonia
20170920-172318-1.jpg,2,Parkinsonia
20170920-094803-1.jpg,2,Parkinsonia
20170920-132728-2.jpg,2,Parkinsonia
20170920-111146-2.jpg,2,Parkinsonia
20170920-132825-2.jpg,2,Parkinsonia
20171102-123304-1.jpg,2,Parkinsonia
20170920-095635-2.jpg,2,Parkinsonia
20170920-095000-2.jpg,2,Parkinsonia
20170920-100529-1.jpg,2,Parkinsonia
20170920-100234-1.jpg,2,Parkinsonia
20170920-185314-1.jpg,2,Parkinsonia
20170920-111244-2.jpg,2,Parkinsonia
20170920-132106-2.jpg,2,Parkinsonia
20170920-112915-3.jpg,2,Parkinsonia
20171102-102717-3.jpg,2,Parkinsonia
20170920-114907-3.jpg,2,Parkinsonia
20170920-135127-2.jpg,2,Parkinsonia
20171102-123238-1.jpg,2,Parkinsonia
20171102-104223-1.jpg,2,Parkinsonia
20170920-095853-2.jpg,2,Parkinsonia
20171102-122202-3.jpg,2,Parkinsonia
20170920-111008-2.jpg,2,Parkinsonia
20170920-180305-1.jpg,2,Parkinsonia
20170920-184904-1.jpg,2,Parkinsonia
20170920-160041-3.jpg,2,Parkinsonia
20171102-115337-2.jpg,2,Parkinsonia
20170920-191506-1.jpg,2,Parkinsonia
20171102-103242-2.jpg,2,Parkinsonia
20170920-184922-1.jpg,2,Parkinsonia
20170920-163857-3.jpg,2,Parkinsonia
20170920-114328-3.jpg,2,Parkinsonia
20170920-111615-2.jpg,2,Parkinsonia
20171102-104540-2.jpg,2,Parkinsonia
20171102-122458-1.jpg,2,Parkinsonia
20170920-160548-3.jpg,2,Parkinsonia
20170920-172903-1.jpg,2,Parkinsonia
20171102-121101-2.jpg,2,Parkinsonia
20170920-095021-2.jpg,2,Parkinsonia
20170920-183241-1.jpg,2,Parkinsonia
20171102-123554-3.jpg,2,Parkinsonia
20170920-162725-3.jpg,2,Parkinsonia
20171102-123144-3.jpg,2,Parkinsonia
20171102-103056-1.jpg,2,Parkinsonia
20170920-094037-2.jpg,2,Parkinsonia
20170920-172144-1.jpg,2,Parkinsonia
20171102-122003-2.jpg,2,Parkinsonia
20171102-104940-2.jpg,2,Parkinsonia
20170920-185917-1.jpg,2,Parkinsonia
20170920-191854-1.jpg,2,Parkinsonia
20170920-171408-3.jpg,2,Parkinsonia
20170920-163845-3.jpg,2,Parkinsonia
20170920-120103-2.jpg,2,Parkinsonia
20170920-162006-3.jpg,2,Parkinsonia
20170920-114803-3.jpg,2,Parkinsonia
20170920-160233-3.jpg,2,Parkinsonia
20171102-104737-1.jpg,2,Parkinsonia
20170920-191441-1.jpg,2,Parkinsonia
20170920-163339-3.jpg,2,Parkinsonia
20170920-185359-1.jpg,2,Parkinsonia
20170920-132804-2.jpg,2,Parkinsonia
20170920-095322-1.jpg,2,Parkinsonia
20171102-120305-2.jpg,2,Parkinsonia
20170920-160118-3.jpg,2,Parkinsonia
20171102-121016-3.jpg,2,Parkinsonia
20170920-181147-1.jpg,2,Parkinsonia
20171102-123211-2.jpg,2,Parkinsonia
20170920-181851-1.jpg,2,Parkinsonia
20171102-120725-1.jpg,2,Parkinsonia
20170920-164226-3.jpg,2,Parkinsonia
20171102-120916-2.jpg,2,Parkinsonia
20171102-121613-1.jpg,2,Parkinsonia
20171102-103043-3.jpg,2,Parkinsonia
20170920-112729-3.jpg,2,Parkinsonia
20170920-112642-2.jpg,2,Parkinsonia
20170920-183728-1.jpg,2,Parkinsonia
20171102-115646-1.jpg,2,Parkinsonia
20170920-110953-3.jpg,2,Parkinsonia
20170920-130645-2.jpg,2,Parkinsonia
20171102-121304-1.jpg,2,Parkinsonia
20170920-110609-3.jpg,2,Parkinsonia
20170920-191809-1.jpg,2,Parkinsonia
20170920-182932-1.jpg,2,Parkinsonia
20170920-132702-2.jpg,2,Parkinsonia
20170920-113250-2.jpg,2,Parkinsonia
20170920-115453-3.jpg,2,Parkinsonia
20170920-133852-2.jpg,2,Parkinsonia
20171102-104114-1.jpg,2,Parkinsonia
20171102-103326-3.jpg,2,Parkinsonia
20170920-114204-2.jpg,2,Parkinsonia
20171102-103606-1.jpg,2,Parkinsonia
20170920-191707-1.jpg,2,Parkinsonia
20171102-120206-1.jpg,2,Parkinsonia
20171102-120320-2.jpg,2,Parkinsonia
20171102-103136-3.jpg,2,Parkinsonia
20170920-181827-1.jpg,2,Parkinsonia
20170920-183139-1.jpg,2,Parkinsonia
20170920-115200-3.jpg,2,Parkinsonia
20171102-122856-2.jpg,2,Parkinsonia
20170920-120333-2.jpg,2,Parkinsonia
20170920-130439-2.jpg,2,Parkinsonia
20171102-115510-3.jpg,2,Parkinsonia
20171102-120545-2.jpg,2,Parkinsonia
20171102-115036-1.jpg,2,Parkinsonia
20170920-190044-1.jpg,2,Parkinsonia
20171102-120417-1.jpg,2,Parkinsonia
20170920-185845-1.jpg,2,Parkinsonia
20171102-120250-2.jpg,2,Parkinsonia
20171102-104920-1.jpg,2,Parkinsonia
20170920-182700-1.jpg,2,Parkinsonia
20171102-102712-1.jpg,2,Parkinsonia
20171102-123156-1.jpg,2,Parkinsonia
20170920-095819-2.jpg,2,Parkinsonia
20170920-113747-3.jpg,2,Parkinsonia
20170920-185119-1.jpg,2,Parkinsonia
20170920-110518-3.jpg,2,Parkinsonia
20170920-112633-3.jpg,2,Parkinsonia
20170920-101817-2.jpg,2,Parkinsonia
20170920-113838-2.jpg,2,Parkinsonia
20171102-123125-1.jpg,2,Parkinsonia
20171102-122525-2.jpg,2,Parkinsonia
20171102-121450-2.jpg,2,Parkinsonia
20170920-112255-3.jpg,2,Parkinsonia
20171102-115453-2.jpg,2,Parkinsonia
20170920-111833-2.jpg,2,Parkinsonia
20171102-120936-1.jpg,2,Parkinsonia
20170920-160657-3.jpg,2,Parkinsonia
20170920-112414-3.jpg,2,Parkinsonia
20171102-123300-3.jpg,2,Parkinsonia
20170920-162202-3.jpg,2,Parkinsonia
20170920-171725-1.jpg,2,Parkinsonia
20170920-113543-3.jpg,2,Parkinsonia
20170920-134843-2.jpg,2,Parkinsonia
20171102-120336-2.jpg,2,Parkinsonia
20171113-140455-2.jpg,6,Siam weed
20171121-083628-1.jpg,6,Siam weed
20171113-133840-3.jpg,6,Siam weed
20171113-132147-0.jpg,6,Siam weed
20171113-143028-3.jpg,6,Siam weed
20171113-162820-0.jpg,6,Siam weed
20171113-145022-1.jpg,6,Siam weed
20171113-150328-1.jpg,6,Siam weed
20171121-090837-3.jpg,6,Siam weed
20171113-133354-1.jpg,6,Siam weed
20171113-132349-1.jpg,6,Siam weed
20171113-133026-3.jpg,6,Siam weed
20171113-132921-3.jpg,6,Siam weed
20171113-145433-1.jpg,6,Siam weed
20171121-072315-1.jpg,6,Siam weed
20171121-075342-1.jpg,6,Siam weed
20171113-144443-3.jpg,6,Siam weed
20171113-165713-0.jpg,6,Siam weed
20171113-120638-3.jpg,6,Siam weed
20171121-082214-2.jpg,6,Siam weed
20171113-120053-2.jpg,6,Siam weed
20171121-090858-1.jpg,6,Siam weed
20171113-132956-0.jpg,6,Siam weed
20171113-144201-3.jpg,6,Siam weed
20171113-124517-3.jpg,6,Siam weed
20171113-144859-3.jpg,6,Siam weed
20171121-083516-1.jpg,6,Siam weed
20171113-120122-3.jpg,6,Siam weed
20171113-150735-3.jpg,6,Siam weed
20171113-151334-3.jpg,6,Siam weed
20171113-141240-2.jpg,6,Siam weed
20171113-131821-3.jpg,6,Siam weed
20171121-072014-1.jpg,6,Siam weed
20171113-060924-1.jpg,6,Siam weed
20171113-104614-0.jpg,6,Siam weed
20171113-112832-0.jpg,6,Siam weed
20171121-091140-3.jpg,6,Siam weed
20171113-144114-0.jpg,6,Siam weed
20171113-145512-1.jpg,6,Siam weed
20171121-072834-1.jpg,6,Siam weed
20171113-144745-1.jpg,6,Siam weed
20171113-105124-0.jpg,6,Siam weed
20171113-133259-3.jpg,6,Siam weed
20171113-144523-3.jpg,6,Siam weed
20171113-061031-1.jpg,6,Siam weed
20171113-145805-1.jpg,6,Siam weed
20171113-172027-0.jpg,6,Siam weed
20171113-143943-2.jpg,6,Siam weed
20171113-143603-2.jpg,6,Siam weed
20171121-083428-2.jpg,6,Siam weed
20171121-083556-1.jpg,6,Siam weed
20171113-131307-1.jpg,6,Siam weed
20171113-131631-1.jpg,6,Siam weed
20171113-144457-3.jpg,6,Siam weed
20171113-131413-0.jpg,6,Siam weed
20171113-131834-2.jpg,6,Siam weed
20171113-135150-0.jpg,6,Siam weed
20171121-071808-1.jpg,6,Siam weed
20171113-151910-1.jpg,6,Siam weed
20171113-134550-1.jpg,6,Siam weed
20171121-091041-1.jpg,6,Siam weed
20171113-061251-1.jpg,6,Siam weed
20171113-131751-3.jpg,6,Siam weed
20171121-073650-1.jpg,6,Siam weed
20171113-132028-3.jpg,6,Siam weed
20171121-084446-1.jpg,6,Siam weed
20171113-134654-1.jpg,6,Siam weed
20171121-083538-2.jpg,6,Siam weed
20171113-144333-3.jpg,6,Siam weed
20171121-082752-2.jpg,6,Siam weed
20171113-124300-3.jpg,6,Siam weed
20171113-162140-0.jpg,6,Siam weed
20171121-073600-1.jpg,6,Siam weed
20171113-131833-3.jpg,6,Siam weed
20171121-084355-1.jpg,6,Siam weed
20171121-083939-1.jpg,6,Siam weed
20171113-145705-3.jpg,6,Siam weed
20171113-132754-3.jpg,6,Siam weed
20171113-140302-2.jpg,6,Siam weed
20171113-123137-0.jpg,6,Siam weed
20171113-120921-1.jpg,6,Siam weed
20171113-143123-3.jpg,6,Siam weed
20171113-144311-2.jpg,6,Siam weed
20171121-091025-3.jpg,6,Siam weed
20171113-122331-3.jpg,6,Siam weed
20171113-133248-1.jpg,6,Siam weed
20171113-130402-2.jpg,6,Siam weed
20171113-124335-1.jpg,6,Siam weed
20171121-090026-2.jpg,6,Siam weed
20171113-120629-2.jpg,6,Siam weed
20171113-121347-2.jpg,6,Siam weed
20171113-115634-1.jpg,6,Siam weed
20171113-150055-1.jpg,6,Siam weed
20171113-142802-2.jpg,6,Siam weed
20171113-143207-2.jpg,6,Siam weed
20171113-165829-0.jpg,6,Siam weed
20171113-115229-3.jpg,6,Siam weed
20171121-090324-3.jpg,6,Siam weed
20171121-071754-1.jpg,6,Siam weed
20171113-115211-3.jpg,6,Siam weed
20171113-113542-0.jpg,6,Siam weed
20171121-085507-1.jpg,6,Siam weed
20171113-060751-1.jpg,6,Siam weed
20171121-073533-1.jpg,6,Siam weed
20171121-082047-1.jpg,6,Siam weed
20171113-140645-2.jpg,6,Siam weed
20171121-090623-3.jpg,6,Siam weed
20171113-101323-0.jpg,6,Siam weed
20171113-115954-3.jpg,6,Siam weed
20171121-073424-1.jpg,6,Siam weed
20171121-084016-1.jpg,6,Siam weed
20171121-072001-1.jpg,6,Siam weed
20171113-150349-3.jpg,6,Siam weed
20171113-123343-3.jpg,6,Siam weed
20171113-111328-0.jpg,6,Siam weed
20171121-082411-2.jpg,6,Siam weed
20171113-144959-3.jpg,6,Siam weed
20171113-134315-0.jpg,6,Siam weed
20171121-082247-2.jpg,6,Siam weed
20171113-141121-2.jpg,6,Siam weed
20171113-135311-1.jpg,6,Siam weed
20171113-122631-0.jpg,6,Siam weed
20171113-122412-1.jpg,6,Siam weed
20171121-071258-1.jpg,6,Siam weed
20171113-175118-0.jpg,6,Siam weed
20171113-133637-3.jpg,6,Siam weed
20171121-082127-2.jpg,6,Siam weed
20171113-131846-2.jpg,6,Siam weed
20171113-140926-2.jpg,6,Siam weed
20171113-123824-1.jpg,6,Siam weed
20171113-142802-3.jpg,6,Siam weed
20171113-135239-0.jpg,6,Siam weed
20171121-084307-1.jpg,6,Siam weed
20171113-121025-1.jpg,6,Siam weed
20171113-151310-1.jpg,6,Siam weed
20171113-132144-3.jpg,6,Siam weed
20171121-090705-3.jpg,6,Siam weed
20171113-061145-1.jpg,6,Siam weed
20171121-083349-1.jpg,6,Siam weed
20171113-143050-3.jpg,6,Siam weed
20171121-090842-1.jpg,6,Siam weed
20171113-151813-1.jpg,6,Siam weed
20171113-102114-0.jpg,6,Siam weed
20171113-115920-3.jpg,6,Siam weed
20171113-165113-0.jpg,6,Siam weed
20171113-131518-1.jpg,6,Siam weed
20171113-173515-0.jpg,6,Siam weed
20171113-130523-2.jpg,6,Siam weed
20171113-132205-3.jpg,6,Siam weed
20171121-091223-1.jpg,6,Siam weed
20171113-123332-0.jpg,6,Siam weed
20171113-120426-1.jpg,6,Siam weed
20171113-123534-3.jpg,6,Siam weed
20171121-082948-2.jpg,6,Siam weed
20171113-130826-2.jpg,6,Siam weed
20171113-133808-1.jpg,6,Siam weed
20171113-150448-3.jpg,6,Siam weed
20171113-123042-3.jpg,6,Siam weed
20171113-142629-3.jpg,6,Siam weed
20171113-141752-2.jpg,6,Siam weed
20171121-073828-1.jpg,6,Siam weed
20171113-103847-0.jpg,6,Siam weed
20171113-132048-2.jpg,6,Siam weed
20171113-142521-2.jpg,6,Siam weed
20171121-075533-1.jpg,6,Siam weed
20171113-120134-1.jpg,6,Siam weed
20171113-151053-0.jpg,6,Siam weed
20171113-151844-1.jpg,6,Siam weed
20171121-081850-2.jpg,6,Siam weed
20171113-133603-1.jpg,6,Siam weed
20171113-121324-3.jpg,6,Siam weed
20171113-134727-1.jpg,6,Siam weed
20171113-132747-1.jpg,6,Siam weed
20171113-133727-1.jpg,6,Siam weed
20171113-133536-1.jpg,6,Siam weed
20171113-173911-0.jpg,6,Siam weed
20171113-130751-2.jpg,6,Siam weed
20171113-144653-1.jpg,6,Siam weed
20171113-134454-3.jpg,6,Siam weed
20171113-131937-3.jpg,6,Siam weed
20171113-140906-2.jpg,6,Siam weed
20171113-140603-2.jpg,6,Siam weed
20171113-124836-0.jpg,6,Siam weed
20171121-072546-1.jpg,6,Siam weed
20171113-145700-1.jpg,6,Siam weed
20171113-132408-1.jpg,6,Siam weed
20171113-132950-1.jpg,6,Siam weed
20171113-144129-2.jpg,6,Siam weed
20171113-115932-1.jpg,6,Siam weed
20171121-090807-3.jpg,6,Siam weed
20171121-090235-3.jpg,6,Siam weed
20171113-142726-2.jpg,6,Siam weed
20171113-133217-3.jpg,6,Siam weed
20171113-121817-1.jpg,6,Siam weed
20171113-130740-2.jpg,6,Siam weed
20171121-073257-1.jpg,6,Siam weed
20171113-115315-1.jpg,6,Siam weed
20171121-085745-1.jpg,6,Siam weed
20171113-143802-3.jpg,6,Siam weed
20171121-083608-2.jpg,6,Siam weed
20171113-132033-1.jpg,6,Siam weed
20170217-114500-0.jpg,7,Snake weed
20170627-104537-0.jpg,7,Snake weed
20170304-132609-0.jpg,7,Snake weed
20170706-105430-0.jpg,7,Snake weed
20171025-083151-3.jpg,7,Snake weed
20170630-151508-0.jpg,7,Snake weed
20180109-080137-2.jpg,7,Snake weed
20170705-162153-0.jpg,7,Snake weed
20170630-150427-0.jpg,7,Snake weed
20180109-092052-2.jpg,7,Snake weed
20170207-141713-0.jpg,7,Snake weed
20170404-153733-0.jpg,7,Snake weed
20170410-160028-0.jpg,7,Snake weed
20170705-165159-0.jpg,7,Snake weed
20170718-132045-2.jpg,7,Snake weed
20161207-143344-0.jpg,7,Snake weed
20170718-131902-2.jpg,7,Snake weed
20170705-164347-0.jpg,7,Snake weed
20170210-130944-0.jpg,7,Snake weed
20170217-114650-0.jpg,7,Snake weed
20170404-153959-0.jpg,7,Snake weed
20170718-133314-2.jpg,7,Snake weed
20170410-155917-0.jpg,7,Snake weed
20170718-132043-2.jpg,7,Snake weed
20170304-132429-0.jpg,7,Snake weed
20170630-152127-0.jpg,7,Snake weed
20170207-141804-0.jpg,7,Snake weed
20170210-142848-0.jpg,7,Snake weed
20170404-153544-0.jpg,7,Snake weed
20170705-162611-0.jpg,7,Snake weed
20180109-080219-2.jpg,7,Snake weed
20170705-165213-0.jpg,7,Snake weed
20170630-154427-0.jpg,7,Snake weed
20170217-120606-0.jpg,7,Snake weed
20171025-074629-3.jpg,7,Snake weed
20170707-111523-0.jpg,7,Snake weed
20170210-130330-0.jpg,7,Snake weed
20170718-132653-2.jpg,7,Snake weed
20170705-163051-0.jpg,7,Snake weed
20170705-162050-0.jpg,7,Snake weed
20170207-142601-0.jpg,7,Snake weed
20170217-095604-0.jpg,7,Snake weed
20170705-165040-0.jpg,7,Snake weed
20170706-112430-0.jpg,7,Snake weed
20170704-155037-0.jpg,7,Snake weed
20170718-132824-2.jpg,7,Snake weed
20170630-151310-0.jpg,7,Snake weed
20170304-130948-0.jpg,7,Snake weed
20170706-111355-0.jpg,7,Snake weed
20170718-132718-2.jpg,7,Snake weed
20170705-161139-0.jpg,7,Snake weed
20170410-153849-0.jpg,7,Snake weed
20170705-160854-0.jpg,7,Snake weed
20170404-153828-0.jpg,7,Snake weed
20170217-115158-0.jpg,7,Snake weed
20170217-114813-0.jpg,7,Snake weed
20170217-144419-0.jpg,7,Snake weed
20170217-115214-0.jpg,7,Snake weed
20171025-081111-2.jpg,7,Snake weed
20170627-104818-0.jpg,7,Snake weed
20170705-165107-0.jpg,7,Snake weed
20170217-100120-0.jpg,7,Snake weed
20170705-164801-0.jpg,7,Snake weed
20170630-155544-0.jpg,7,Snake weed
20170207-142533-0.jpg,7,Snake weed
20170210-142739-0.jpg,7,Snake weed
20170210-131452-0.jpg,7,Snake weed
20170404-153628-0.jpg,7,Snake weed
20170718-132431-2.jpg,7,Snake weed
20170210-144758-0.jpg,7,Snake weed
20170706-112900-0.jpg,7,Snake weed
20170210-142024-0.jpg,7,Snake weed
20161207-143329-0.jpg,7,Snake weed
20171025-092653-3.jpg,7,Snake weed
20170217-095945-0.jpg,7,Snake weed
20170718-102144-2.jpg,7,Snake weed
20170705-162351-0.jpg,7,Snake weed
20170630-154627-0.jpg,7,Snake weed
20170304-131518-0.jpg,7,Snake weed
20170705-162425-0.jpg,7,Snake weed
20170410-153636-0.jpg,7,Snake weed
20170705-164046-0.jpg,7,Snake weed
20170704-153838-0.jpg,7,Snake weed
20170404-154333-0.jpg,7,Snake weed
20170630-152202-0.jpg,7,Snake weed
20170217-114724-0.jpg,7,Snake weed
20170207-142713-0.jpg,7,Snake weed
20170217-115640-0.jpg,7,Snake weed
20170304-132439-0.jpg,7,Snake weed
20170706-105228-0.jpg,7,Snake weed
20170404-154147-0.jpg,7,Snake weed
20170210-142607-0.jpg,7,Snake weed
20170304-131916-0.jpg,7,Snake weed
20170210-144956-0.jpg,7,Snake weed
20170217-100915-0.jpg,7,Snake weed
20170210-131944-0.jpg,7,Snake weed
20170210-141742-0.jpg,7,Snake weed
20170630-160252-0.jpg,7,Snake weed
20170210-131423-0.jpg,7,Snake weed
20170217-114340-0.jpg,7,Snake weed
20170210-145104-0.jpg,7,Snake weed
20170707-113124-0.jpg,7,Snake weed
20170630-155129-0.jpg,7,Snake weed
20170210-150542-0.jpg,7,Snake weed
20170404-154025-0.jpg,7,Snake weed
20180109-092137-2.jpg,7,Snake weed
20170304-131415-0.jpg,7,Snake weed
20170718-132405-2.jpg,7,Snake weed
20170630-155353-0.jpg,7,Snake weed
20170627-104943-0.jpg,7,Snake weed
20170210-132037-0.jpg,7,Snake weed
20170718-132014-2.jpg,7,Snake weed
20170207-141938-0.jpg,7,Snake weed
20170410-160329-0.jpg,7,Snake weed
20170705-165514-0.jpg,7,Snake weed
20170404-153533-0.jpg,7,Snake weed
20170706-105250-0.jpg,7,Snake weed
20170217-143839-0.jpg,7,Snake weed
20170210-131908-0.jpg,7,Snake weed
20170718-131820-2.jpg,7,Snake weed
20170705-162401-0.jpg,7,Snake weed
20170210-130913-0.jpg,7,Snake weed
20170718-132057-2.jpg,7,Snake weed
20170304-132713-0.jpg,7,Snake weed
20170207-141825-0.jpg,7,Snake weed
20170704-155526-0.jpg,7,Snake weed
20170705-162004-0.jpg,7,Snake weed
20170217-100103-0.jpg,7,Snake weed
20170304-132021-0.jpg,7,Snake weed
20170706-113725-0.jpg,7,Snake weed
20170217-100246-0.jpg,7,Snake weed
20170630-152420-0.jpg,7,Snake weed
20171025-083118-3.jpg,7,Snake weed
20170304-131703-0.jpg,7,Snake weed
20170707-113101-0.jpg,7,Snake weed
20170217-143922-0.jpg,7,Snake weed
20170705-160831-0.jpg,7,Snake weed
20170704-151231-0.jpg,7,Snake weed
20170217-100309-0.jpg,7,Snake weed
20170706-105701-0.jpg,7,Snake weed
20170304-131732-0.jpg,7,Snake weed
20170705-161515-0.jpg,7,Snake weed
20170706-112824-0.jpg,7,Snake weed
20170705-163332-0.jpg,7,Snake weed
20170217-100534-0.jpg,7,Snake weed
20170217-144601-0.jpg,7,Snake weed
20170217-145329-0.jpg,7,Snake weed
20170410-155859-0.jpg,7,Snake weed
20170217-095903-0.jpg,7,Snake weed
20170711-120239-0.jpg,7,Snake weed
20170718-132909-2.jpg,7,Snake weed
20170207-142726-0.jpg,7,Snake weed
20170707-113143-0.jpg,7,Snake weed
20170304-132255-0.jpg,7,Snake weed
20170706-112058-0.jpg,7,Snake weed
20170705-161208-0.jpg,7,Snake weed
20170704-155454-0.jpg,7,Snake weed
20170718-132309-2.jpg,7,Snake weed
20170705-164308-0.jpg,7,Snake weed
20180109-085208-2.jpg,7,Snake weed
20170217-144521-0.jpg,7,Snake weed
20170217-100740-0.jpg,7,Snake weed
20170705-164107-0.jpg,7,Snake weed
20170410-160223-0.jpg,7,Snake weed
20170627-105017-0.jpg,7,Snake weed
20170718-132427-2.jpg,7,Snake weed
20170210-130701-0.jpg,7,Snake weed
20170704-154257-0.jpg,7,Snake weed
20170217-113535-0.jpg,7,Snake weed
20170207-142740-0.jpg,7,Snake weed
20161207-144713-0.jpg,7,Snake weed
20170210-142444-0.jpg,7,Snake weed
20170718-133027-2.jpg,7,Snake weed
20170217-095958-0.jpg,7,Snake weed
20170705-165029-0.jpg,7,Snake weed
20170210-130933-0.jpg,7,Snake weed
20170718-132538-2.jpg,7,Snake weed
20170718-132658-2.jpg,7,Snake weed
20170210-130514-0.jpg,7,Snake weed
20170630-155532-0.jpg,7,Snake weed
20170705-164137-0.jpg,7,Snake weed
20170210-144917-0.jpg,7,Snake weed
20170630-154315-0.jpg,7,Snake weed
20170410-153521-0.jpg,7,Snake weed
20170304-131822-0.jpg,7,Snake weed
20170207-141852-0.jpg,7,Snake weed
20170718-132800-2.jpg,7,Snake weed
20171025-092819-3.jpg,7,Snake weed
20170304-132450-0.jpg,7,Snake weed
20161207-144425-0.jpg,7,Snake weed
20170705-165651-0.jpg,7,Snake weed
20171025-092832-3.jpg,7,Snake weed
20170210-141430-0.jpg,7,Snake weed
20170718-131804-2.jpg,7,Snake weed
20170707-111548-0.jpg,7,Snake weed
20170705-164416-0.jpg,7,Snake weed
20170718-101932-2.jpg,7,Snake weed
20170705-162239-0.jpg,7,Snake weed
20170704-152136-0.jpg,7,Snake weed
20170706-105615-0.jpg,7,Snake weed
20170718-132003-2.jpg,7,Snake weed
20161207-111246-0.jpg,0,Chinee apple
20170210-133140-0.jpg,0,Chinee apple
20161207-110837-0.jpg,0,Chinee apple
20170207-153656-0.jpg,0,Chinee apple
20170410-123806-0.jpg,0,Chinee apple
20170217-121807-0.jpg,0,Chinee apple
20170627-103442-0.jpg,0,Chinee apple
20170811-104642-2.jpg,0,Chinee apple
20170811-131322-1.jpg,0,Chinee apple
20170210-133931-0.jpg,0,Chinee apple
20170627-103733-0.jpg,0,Chinee apple
20170811-134357-1.jpg,0,Chinee apple
20170811-130432-2.jpg,0,Chinee apple
20170804-131944-1.jpg,0,Chinee apple
20170811-103929-2.jpg,0,Chinee apple
20170405-160013-0.jpg,0,Chinee apple
20170718-101243-2.jpg,0,Chinee apple
20170405-160203-0.jpg,0,Chinee apple
20170630-152316-0.jpg,0,Chinee apple
20170304-124333-0.jpg,0,Chinee apple
20170304-124535-0.jpg,0,Chinee apple
20170410-124122-0.jpg,0,Chinee apple
20170811-132405-2.jpg,0,Chinee apple
20170811-132213-2.jpg,0,Chinee apple
20170217-103132-0.jpg,0,Chinee apple
20170704-153451-0.jpg,0,Chinee apple
20170811-131509-2.jpg,0,Chinee apple
20170811-104623-2.jpg,0,Chinee apple
20170217-151701-0.jpg,0,Chinee apple
20171025-082818-1.jpg,0,Chinee apple
20170210-132528-0.jpg,0,Chinee apple
20170718-100650-2.jpg,0,Chinee apple
20170217-103649-0.jpg,0,Chinee apple
20170704-154722-0.jpg,0,Chinee apple
20170217-104234-0.jpg,0,Chinee apple
20161207-144824-0.jpg,0,Chinee apple
20170811-132901-2.jpg,0,Chinee apple
20170718-094738-2.jpg,0,Chinee apple
20170210-132642-0.jpg,0,Chinee apple
20170210-132227-0.jpg,0,Chinee apple
20171025-082352-1.jpg,0,Chinee apple
20160928-140747-0.jpg,0,Chinee apple
20170627-103545-0.jpg,0,Chinee apple
20170405-154606-0.jpg,0,Chinee apple
20170210-133424-0.jpg,0,Chinee apple
20170217-112126-0.jpg,0,Chinee apple
20170210-132506-0.jpg,0,Chinee apple
20170811-154918-2.jpg,0,Chinee apple
20170811-134322-1.jpg,0,Chinee apple
20161207-112255-0.jpg,0,Chinee apple
20170210-133828-0.jpg,0,Chinee apple
20170410-153942-0.jpg,0,Chinee apple
20170217-151206-0.jpg,0,Chinee apple
20170811-113501-1.jpg,0,Chinee apple
20170707-114040-0.jpg,0,Chinee apple
20161207-111352-0.jpg,0,Chinee apple
20170217-121224-0.jpg,0,Chinee apple
20170217-115626-0.jpg,0,Chinee apple
20170718-101446-2.jpg,0,Chinee apple
20170707-110140-0.jpg,0,Chinee apple
20160928-141135-0.jpg,0,Chinee apple
20160928-140337-0.jpg,0,Chinee apple
20170217-112250-0.jpg,0,Chinee apple
20170304-130321-0.jpg,0,Chinee apple
20170811-130954-2.jpg,0,Chinee apple
20170304-124944-0.jpg,0,Chinee apple
20170217-150253-0.jpg,0,Chinee apple
20170217-115105-0.jpg,0,Chinee apple
20170718-094904-2.jpg,0,Chinee apple
20170718-133537-2.jpg,0,Chinee apple
20170304-124907-0.jpg,0,Chinee apple
20170718-101026-2.jpg,0,Chinee apple
20170811-111413-1.jpg,0,Chinee apple
20170718-101731-2.jpg,0,Chinee apple
20170410-124528-0.jpg,0,Chinee apple
20170217-113245-0.jpg,0,Chinee apple
20170811-103752-2.jpg,0,Chinee apple
20170803-133045-1.jpg,0,Chinee apple
20170210-133033-0.jpg,0,Chinee apple
20170410-124408-0.jpg,0,Chinee apple
20170811-103904-2.jpg,0,Chinee apple
20170410-124933-0.jpg,0,Chinee apple
20170217-103018-0.jpg,0,Chinee apple
20170811-105104-2.jpg,0,Chinee apple
20170704-152032-0.jpg,0,Chinee apple
20170803-131649-1.jpg,0,Chinee apple
20161207-111440-0.jpg,0,Chinee apple
20170217-121623-0.jpg,0,Chinee apple
20170207-153930-0.jpg,0,Chinee apple
20161207-111609-0.jpg,0,Chinee apple
20170627-103821-0.jpg,0,Chinee apple
20171025-082330-1.jpg,0,Chinee apple
20170811-125110-2.jpg,0,Chinee apple
20170718-101608-2.jpg,0,Chinee apple
20170811-123016-2.jpg,0,Chinee apple
20170811-125529-1.jpg,0,Chinee apple
20170811-130044-1.jpg,0,Chinee apple
20170210-145719-0.jpg,0,Chinee apple
20170217-101212-0.jpg,0,Chinee apple
20170811-134636-2.jpg,0,Chinee apple
20170217-152300-0.jpg,0,Chinee apple
20170405-155128-0.jpg,0,Chinee apple
20170811-133720-2.jpg,0,Chinee apple
20170304-125237-0.jpg,0,Chinee apple
20170718-100028-2.jpg,0,Chinee apple
20170811-125302-1.jpg,0,Chinee apple
20170711-120856-0.jpg,0,Chinee apple
20170410-124652-0.jpg,0,Chinee apple
20170627-103832-0.jpg,0,Chinee apple
20170711-114320-0.jpg,0,Chinee apple
20170217-101954-0.jpg,0,Chinee apple
20170410-124637-0.jpg,0,Chinee apple
20170811-131024-2.jpg,0,Chinee apple
20170217-102457-0.jpg,0,Chinee apple
20170217-122151-0.jpg,0,Chinee apple
20170811-114233-2.jpg,0,Chinee apple
20170627-103912-0.jpg,0,Chinee apple
20170811-110835-1.jpg,0,Chinee apple
20170217-113104-0.jpg,0,Chinee apple
20170410-154619-0.jpg,0,Chinee apple
20170705-162907-0.jpg,0,Chinee apple
20170304-124621-0.jpg,0,Chinee apple
20170410-124328-0.jpg,0,Chinee apple
20170811-122931-2.jpg,0,Chinee apple
20170304-125003-0.jpg,0,Chinee apple
20170210-132606-0.jpg,0,Chinee apple
20170217-150733-0.jpg,0,Chinee apple
20170405-155317-0.jpg,0,Chinee apple
20171025-082800-1.jpg,0,Chinee apple
20170811-125344-1.jpg,0,Chinee apple
20170811-102209-1.jpg,0,Chinee apple
20170718-101048-2.jpg,0,Chinee apple
20170207-153521-0.jpg,0,Chinee apple
20170217-120328-0.jpg,0,Chinee apple
20170811-100837-2.jpg,0,Chinee apple
20170707-113650-0.jpg,0,Chinee apple
20170410-124605-0.jpg,0,Chinee apple
20170811-135001-2.jpg,0,Chinee apple
20170718-133451-2.jpg,0,Chinee apple
20170217-102914-0.jpg,0,Chinee apple
20161207-111917-0.jpg,0,Chinee apple
20170811-122548-2.jpg,0,Chinee apple
20161207-111058-0.jpg,0,Chinee apple
20170811-132433-2.jpg,0,Chinee apple
20170707-114844-0.jpg,0,Chinee apple
20170811-133458-1.jpg,0,Chinee apple
20170718-100410-2.jpg,0,Chinee apple
20170217-104135-0.jpg,0,Chinee apple
20170217-102417-0.jpg,0,Chinee apple
20161207-110913-0.jpg,0,Chinee apple
20161207-111001-0.jpg,0,Chinee apple
20170811-110257-1.jpg,0,Chinee apple
20170811-134026-1.jpg,0,Chinee apple
20170803-131528-1.jpg,0,Chinee apple
20170210-133211-0.jpg,0,Chinee apple
20170811-162841-1.jpg,0,Chinee apple
20170721-114822-1.jpg,0,Chinee apple
20170811-114813-2.jpg,0,Chinee apple
20170210-133939-0.jpg,0,Chinee apple
20170811-132127-1.jpg,0,Chinee apple
20170811-125055-1.jpg,0,Chinee apple
20170217-115828-0.jpg,0,Chinee apple
20170704-154139-0.jpg,0,Chinee apple
20161207-111955-0.jpg,0,Chinee apple
20170410-154132-0.jpg,0,Chinee apple
20170405-154952-0.jpg,0,Chinee apple
20170803-132640-1.jpg,0,Chinee apple
20170718-095020-2.jpg,0,Chinee apple
20170217-112200-0.jpg,0,Chinee apple
20170811-131008-2.jpg,0,Chinee apple
20170217-103631-0.jpg,0,Chinee apple
20170304-124041-0.jpg,0,Chinee apple
20170811-104441-2.jpg,0,Chinee apple
20161207-111327-0.jpg,0,Chinee apple
20170210-132316-0.jpg,0,Chinee apple
20170804-132958-1.jpg,0,Chinee apple
20170811-125631-1.jpg,0,Chinee apple
20170811-163012-1.jpg,0,Chinee apple
20170811-134426-1.jpg,0,Chinee apple
20170210-132833-0.jpg,0,Chinee apple
20170811-130450-2.jpg,0,Chinee apple
20170811-105029-2.jpg,0,Chinee apple
20170405-160035-0.jpg,0,Chinee apple
20170210-144906-0.jpg,0,Chinee apple
20170304-124131-0.jpg,0,Chinee apple
20170704-154518-0.jpg,0,Chinee apple
20170217-103728-0.jpg,0,Chinee apple
20171025-082705-1.jpg,0,Chinee apple
20170217-114244-0.jpg,0,Chinee apple
20170210-132343-0.jpg,0,Chinee apple
20170811-115202-1.jpg,0,Chinee apple
20170711-120700-0.jpg,0,Chinee apple
20170811-111506-1.jpg,0,Chinee apple
20170811-111301-2.jpg,0,Chinee apple
20170811-134204-1.jpg,0,Chinee apple
20170410-123853-0.jpg,0,Chinee apple
20161207-111813-0.jpg,0,Chinee apple
20170217-151758-0.jpg,0,Chinee apple
20170811-154938-2.jpg,0,Chinee apple
20170811-113014-2.jpg,0,Chinee apple
20170811-122845-2.jpg,0,Chinee apple
20170729-092523-1.jpg,4,Prickly acacia
20170728-125333-2.jpg,4,Prickly acacia
20170727-165544-1.jpg,4,Prickly acacia
20170727-164020-3.jpg,4,Prickly acacia
20170728-121037-2.jpg,4,Prickly acacia
20170728-154751-1.jpg,4,Prickly acacia
20170727-165216-1.jpg,4,Prickly acacia
20171102-093618-2.jpg,4,Prickly acacia
20170728-121259-3.jpg,4,Prickly acacia
20170727-144237-1.jpg,4,Prickly acacia
20170727-125315-1.jpg,4,Prickly acacia
20170920-100505-3.jpg,4,Prickly acacia
20170729-090427-1.jpg,4,Prickly acacia
20170728-121804-2.jpg,4,Prickly acacia
20171102-100310-2.jpg,4,Prickly acacia
20170727-171133-1.jpg,4,Prickly acacia
20170727-150729-3.jpg,4,Prickly acacia
20170727-114157-3.jpg,4,Prickly acacia
20170729-153938-3.jpg,4,Prickly acacia
20170729-092913-3.jpg,4,Prickly acacia
20171102-093604-3.jpg,4,Prickly acacia
20170727-144751-1.jpg,4,Prickly acacia
20170727-145342-3.jpg,4,Prickly acacia
20170727-163124-1.jpg,4,Prickly acacia
20170727-121108-3.jpg,4,Prickly acacia
20171102-094336-1.jpg,4,Prickly acacia
20171102-100458-2.jpg,4,Prickly acacia
20170920-174352-1.jpg,4,Prickly acacia
20170727-144243-1.jpg,4,Prickly acacia
20170727-135927-1.jpg,4,Prickly acacia
20170727-112625-3.jpg,4,Prickly acacia
20170727-164359-3.jpg,4,Prickly acacia
20170727-144906-1.jpg,4,Prickly acacia
20170727-164539-1.jpg,4,Prickly acacia
20170727-140230-1.jpg,4,Prickly acacia
20170727-163018-1.jpg,4,Prickly acacia
20170727-143758-1.jpg,4,Prickly acacia
20170729-093519-2.jpg,4,Prickly acacia
20170728-145628-1.jpg,4,Prickly acacia
20170728-121735-2.jpg,4,Prickly acacia
20170729-153355-3.jpg,4,Prickly acacia
20171102-093342-3.jpg,4,Prickly acacia
20170727-113709-1.jpg,4,Prickly acacia
20170727-165353-1.jpg,4,Prickly acacia
20170727-162546-1.jpg,4,Prickly acacia
20170727-114732-3.jpg,4,Prickly acacia
20170727-134947-1.jpg,4,Prickly acacia
20170728-121815-3.jpg,4,Prickly acacia
20170727-165953-1.jpg,4,Prickly acacia
20170727-162422-1.jpg,4,Prickly acacia
20170727-171730-1.jpg,4,Prickly acacia
20170729-085707-2.jpg,4,Prickly acacia
20170727-125814-1.jpg,4,Prickly acacia
20170727-144841-3.jpg,4,Prickly acacia
20170729-090408-1.jpg,4,Prickly acacia
20170727-130241-3.jpg,4,Prickly acacia
20170727-154322-1.jpg,4,Prickly acacia
20170727-145602-3.jpg,4,Prickly acacia
20170727-124959-3.jpg,4,Prickly acacia
20170727-154134-1.jpg,4,Prickly acacia
20170728-122633-2.jpg,4,Prickly acacia
20170727-155348-1.jpg,4,Prickly acacia
20170729-090140-1.jpg,4,Prickly acacia
20170727-145939-3.jpg,4,Prickly acacia
20170727-135035-1.jpg,4,Prickly acacia
20170727-154637-1.jpg,4,Prickly acacia
20171102-095308-3.jpg,4,Prickly acacia
20170728-153227-1.jpg,4,Prickly acacia
20170728-152850-1.jpg,4,Prickly acacia
20170727-171924-3.jpg,4,Prickly acacia
20170727-165407-1.jpg,4,Prickly acacia
20170920-173813-1.jpg,4,Prickly acacia
20170727-111533-3.jpg,4,Prickly acacia
20170727-143832-1.jpg,4,Prickly acacia
20170728-121913-2.jpg,4,Prickly acacia
20170727-120942-3.jpg,4,Prickly acacia
20170728-120711-2.jpg,4,Prickly acacia
20170727-171234-1.jpg,4,Prickly acacia
20170728-122548-2.jpg,4,Prickly acacia
20171102-095745-1.jpg,4,Prickly acacia
20170728-121445-2.jpg,4,Prickly acacia
20170727-140424-1.jpg,4,Prickly acacia
20170727-165337-1.jpg,4,Prickly acacia
20170727-144559-1.jpg,4,Prickly acacia
20170729-154632-3.jpg,4,Prickly acacia
20170727-143900-3.jpg,4,Prickly acacia
20170728-151512-1.jpg,4,Prickly acacia
20170727-140437-1.jpg,4,Prickly acacia
20170728-120119-2.jpg,4,Prickly acacia
20170727-162512-1.jpg,4,Prickly acacia
20170727-153212-1.jpg,4,Prickly acacia
20170727-155439-1.jpg,4,Prickly acacia
20170728-124953-2.jpg,4,Prickly acacia
20170728-120815-2.jpg,4,Prickly acacia
20170920-112118-3.jpg,4,Prickly acacia
20170729-092710-1.jpg,4,Prickly acacia
20170729-091033-2.jpg,4,Prickly acacia
20170727-112226-3.jpg,4,Prickly acacia
20170727-125810-3.jpg,4,Prickly acacia
20170728-123735-2.jpg,4,Prickly acacia
20170727-162602-1.jpg,4,Prickly acacia
20170727-162807-1.jpg,4,Prickly acacia
20170727-144707-1.jpg,4,Prickly acacia
20170727-130445-1.jpg,4,Prickly acacia
20170729-153648-3.jpg,4,Prickly acacia
20170727-171958-1.jpg,4,Prickly acacia
20170729-090828-1.jpg,4,Prickly acacia
20170728-155251-1.jpg,4,Prickly acacia
20171102-094906-1.jpg,4,Prickly acacia
20170727-113140-1.jpg,4,Prickly acacia
20170728-120256-2.jpg,4,Prickly acacia
20170727-152827-1.jpg,4,Prickly acacia
20171102-093414-1.jpg,4,Prickly acacia
20170729-090435-2.jpg,4,Prickly acacia
20170728-120605-2.jpg,4,Prickly acacia
20171102-093311-2.jpg,4,Prickly acacia
20170727-140142-1.jpg,4,Prickly acacia
20170727-115535-3.jpg,4,Prickly acacia
20170727-171911-1.jpg,4,Prickly acacia
20171102-095926-2.jpg,4,Prickly acacia
20170727-125420-1.jpg,4,Prickly acacia
20170729-153954-3.jpg,4,Prickly acacia
20170727-143524-3.jpg,4,Prickly acacia
20170727-124822-1.jpg,4,Prickly acacia
20171102-094708-2.jpg,4,Prickly acacia
20170728-122555-3.jpg,4,Prickly acacia
20170727-162205-1.jpg,4,Prickly acacia
20170729-085914-3.jpg,4,Prickly acacia
20170727-171030-3.jpg,4,Prickly acacia
20171102-094159-3.jpg,4,Prickly acacia
20170728-124038-2.jpg,4,Prickly acacia
20170727-170453-1.jpg,4,Prickly acacia
20170728-122046-2.jpg,4,Prickly acacia
20170728-123035-2.jpg,4,Prickly acacia
20170727-142959-1.jpg,4,Prickly acacia
20170727-151553-1.jpg,4,Prickly acacia
20170728-124439-2.jpg,4,Prickly acacia
20170727-150211-3.jpg,4,Prickly acacia
20170728-120534-2.jpg,4,Prickly acacia
20171102-093205-2.jpg,4,Prickly acacia
20171102-095710-1.jpg,4,Prickly acacia
20171102-093425-2.jpg,4,Prickly acacia
20171102-093416-3.jpg,4,Prickly acacia
20170727-155617-1.jpg,4,Prickly acacia
20170727-130315-1.jpg,4,Prickly acacia
20170729-090232-1.jpg,4,Prickly acacia
20170920-173017-1.jpg,4,Prickly acacia
20170727-125159-1.jpg,4,Prickly acacia
20170728-124827-2.jpg,4,Prickly acacia
20170729-091718-1.jpg,4,Prickly acacia
20170727-171755-3.jpg,4,Prickly acacia
20171102-100914-2.jpg,4,Prickly acacia
20170727-172031-1.jpg,4,Prickly acacia
20170728-152744-2.jpg,4,Prickly acacia
20170727-144020-1.jpg,4,Prickly acacia
20170727-113316-3.jpg,4,Prickly acacia
20170727-162837-1.jpg,4,Prickly acacia
20170729-092940-2.jpg,4,Prickly acacia
20170727-171839-1.jpg,4,Prickly acacia
20170727-124429-3.jpg,4,Prickly acacia
20171102-095632-3.jpg,4,Prickly acacia
20170727-152727-1.jpg,4,Prickly acacia
20170727-162722-1.jpg,4,Prickly acacia
20170727-144650-1.jpg,4,Prickly acacia
20170728-122008-2.jpg,4,Prickly acacia
20171102-100859-2.jpg,4,Prickly acacia
20170727-171448-1.jpg,4,Prickly acacia
20170727-112531-3.jpg,4,Prickly acacia
20170727-162730-3.jpg,4,Prickly acacia
20170728-124050-3.jpg,4,Prickly acacia
20170727-140332-1.jpg,4,Prickly acacia
20170727-140158-1.jpg,4,Prickly acacia
20170729-093405-1.jpg,4,Prickly acacia
20170727-151953-3.jpg,4,Prickly acacia
20170729-091046-2.jpg,4,Prickly acacia
20170728-125106-2.jpg,4,Prickly acacia
20170727-112159-3.jpg,4,Prickly acacia
20170728-125328-3.jpg,4,Prickly acacia
20170728-123815-3.jpg,4,Prickly acacia
20171102-095842-2.jpg,4,Prickly acacia
20170728-153449-2.jpg,4,Prickly acacia
20170727-144130-1.jpg,4,Prickly acacia
20170728-124147-3.jpg,4,Prickly acacia
20170728-150342-1.jpg,4,Prickly acacia
20170727-124436-1.jpg,4,Prickly acacia
20171102-093326-1.jpg,4,Prickly acacia
20170728-120548-2.jpg,4,Prickly acacia
20171102-093817-1.jpg,4,Prickly acacia
20170727-162326-1.jpg,4,Prickly acacia
20170729-093222-1.jpg,4,Prickly acacia
20170727-111927-3.jpg,4,Prickly acacia
20170727-124501-3.jpg,4,Prickly acacia
20170728-152836-2.jpg,4,Prickly acacia
20170729-092018-1.jpg,4,Prickly acacia
20170727-164441-1.jpg,4,Prickly acacia
20170727-144321-1.jpg,4,Prickly acacia
20170727-113622-3.jpg,4,Prickly acacia
20170728-120936-2.jpg,4,Prickly acacia
20170728-124451-2.jpg,4,Prickly acacia
20170728-155317-1.jpg,4,Prickly acacia
20170728-122802-3.jpg,4,Prickly acacia
20170913-095529-1.jpg,3,Parthenium
20170906-105550-1.jpg,3,Parthenium
20171025-092058-1.jpg,3,Parthenium
20171025-095005-3.jpg,3,Parthenium
20170906-113426-1.jpg,3,Parthenium
20170913-103343-1.jpg,3,Parthenium
20170906-110802-4.jpg,3,Parthenium
20171025-081635-2.jpg,3,Parthenium
20170913-102429-2.jpg,3,Parthenium
20171025-081548-1.jpg,3,Parthenium
20170906-140251-1.jpg,3,Parthenium
20170906-105827-4.jpg,3,Parthenium
20170906-110518-1.jpg,3,Parthenium
20170906-114354-1.jpg,3,Parthenium
20171025-075646-1.jpg,3,Parthenium
20171025-092954-1.jpg,3,Parthenium
20170913-110545-1.jpg,3,Parthenium
20170906-115056-1.jpg,3,Parthenium
20171025-080817-1.jpg,3,Parthenium
20170913-102043-2.jpg,3,Parthenium
20171025-091144-3.jpg,3,Parthenium
20171025-092149-1.jpg,3,Parthenium
20171025-094241-1.jpg,3,Parthenium
20170906-103601-1.jpg,3,Parthenium
20171025-092207-1.jpg,3,Parthenium
20171025-094654-2.jpg,3,Parthenium
20171025-073507-1.jpg,3,Parthenium
20170906-100047-1.jpg,3,Parthenium
20170906-100108-1.jpg,3,Parthenium
20170906-112604-2.jpg,3,Parthenium
20171025-081255-1.jpg,3,Parthenium
20171025-075841-1.jpg,3,Parthenium
20170913-104050-2.jpg,3,Parthenium
20170913-100131-2.jpg,3,Parthenium
20171025-082156-1.jpg,3,Parthenium
20170913-095554-2.jpg,3,Parthenium
20170913-102152-1.jpg,3,Parthenium
20171025-100510-2.jpg,3,Parthenium
20170913-102036-1.jpg,3,Parthenium
20170913-101104-1.jpg,3,Parthenium
20171025-081726-2.jpg,3,Parthenium
20170906-110809-2.jpg,3,Parthenium
20171025-074553-2.jpg,3,Parthenium
20170906-114227-1.jpg,3,Parthenium
20170913-104151-2.jpg,3,Parthenium
20170913-103816-1.jpg,3,Parthenium
20170906-100542-1.jpg,3,Parthenium
20171025-091610-2.jpg,3,Parthenium
20171025-091627-3.jpg,3,Parthenium
20170913-101031-2.jpg,3,Parthenium
20171025-090816-3.jpg,3,Parthenium
20170906-111845-1.jpg,3,Parthenium
20171025-075009-3.jpg,3,Parthenium
20171025-082526-1.jpg,3,Parthenium
20171025-094213-2.jpg,3,Parthenium
20170906-140117-1.jpg,3,Parthenium
20170906-114313-2.jpg,3,Parthenium
20171025-100402-2.jpg,3,Parthenium
20171025-080031-3.jpg,3,Parthenium
20170913-095721-1.jpg,3,Parthenium
20170906-100510-1.jpg,3,Parthenium
20170906-105405-1.jpg,3,Parthenium
20171025-094114-2.jpg,3,Parthenium
20171025-090309-2.jpg,3,Parthenium
20170906-140310-1.jpg,3,Parthenium
20171025-074102-1.jpg,3,Parthenium
20171025-095559-2.jpg,3,Parthenium
20170906-113231-4.jpg,3,Parthenium
20171025-091729-2.jpg,3,Parthenium
20171025-082923-1.jpg,3,Parthenium
20170913-105524-2.jpg,3,Parthenium
20170913-100613-2.jpg,3,Parthenium
20170906-091615-1.jpg,3,Parthenium
20170913-103128-2.jpg,3,Parthenium
20171025-100924-2.jpg,3,Parthenium
20171025-081141-2.jpg,3,Parthenium
20170913-122507-3.jpg,3,Parthenium
20171025-080643-2.jpg,3,Parthenium
20171025-075943-3.jpg,3,Parthenium
20170906-094003-1.jpg,3,Parthenium
20171025-101138-1.jpg,3,Parthenium
20170913-095652-1.jpg,3,Parthenium
20171025-080235-1.jpg,3,Parthenium
20171025-080026-1.jpg,3,Parthenium
20170906-105529-1.jpg,3,Parthenium
20171025-074251-3.jpg,3,Parthenium
20171025-092521-1.jpg,3,Parthenium
20170906-095938-2.jpg,3,Parthenium
20171025-074147-1.jpg,3,Parthenium
20170913-100817-1.jpg,3,Parthenium
20170913-122837-3.jpg,3,Parthenium
20170906-135435-1.jpg,3,Parthenium
20170913-100631-2.jpg,3,Parthenium
20171025-093549-1.jpg,3,Parthenium
20170913-102022-2.jpg,3,Parthenium
20171025-074536-3.jpg,3,Parthenium
20171025-090845-3.jpg,3,Parthenium
20171025-090155-1.jpg,3,Parthenium
20171025-095238-2.jpg,3,Parthenium
20170906-132554-1.jpg,3,Parthenium
20170913-100559-2.jpg,3,Parthenium
20170906-112959-2.jpg,3,Parthenium
20171025-091829-2.jpg,3,Parthenium
20171025-093105-2.jpg,3,Parthenium
20171025-093314-3.jpg,3,Parthenium
20171025-083014-3.jpg,3,Parthenium
20171025-094200-1.jpg,3,Parthenium
20170906-091701-1.jpg,3,Parthenium
20170906-091113-4.jpg,3,Parthenium
20170913-101345-2.jpg,3,Parthenium
20171025-093624-1.jpg,3,Parthenium
20170906-113518-1.jpg,3,Parthenium
20171025-091815-2.jpg,3,Parthenium
20171025-100848-3.jpg,3,Parthenium
20171025-082727-2.jpg,3,Parthenium
20171025-081344-3.jpg,3,Parthenium
20170906-132328-1.jpg,3,Parthenium
20170906-104324-1.jpg,3,Parthenium
20170906-091715-2.jpg,3,Parthenium
20171025-094711-2.jpg,3,Parthenium
20171025-092934-1.jpg,3,Parthenium
20171025-093337-3.jpg,3,Parthenium
20170913-104956-1.jpg,3,Parthenium
20170913-100129-1.jpg,3,Parthenium
20171025-074900-3.jpg,3,Parthenium
20170913-102032-2.jpg,3,Parthenium
20171025-075607-2.jpg,3,Parthenium
20170913-102458-2.jpg,3,Parthenium
20170906-110222-1.jpg,3,Parthenium
20171025-095957-1.jpg,3,Parthenium
20171025-075321-3.jpg,3,Parthenium
20170913-101406-2.jpg,3,Parthenium
20171025-093745-2.jpg,3,Parthenium
20171025-091428-2.jpg,3,Parthenium
20170906-114136-4.jpg,3,Parthenium
20170906-111722-1.jpg,3,Parthenium
20170906-135014-1.jpg,3,Parthenium
20170906-114301-1.jpg,3,Parthenium
20170913-104853-1.jpg,3,Parthenium
20171025-093715-3.jpg,3,Parthenium
20171025-082133-3.jpg,3,Parthenium
20170913-104702-2.jpg,3,Parthenium
20171025-075150-2.jpg,3,Parthenium
20171025-073958-2.jpg,3,Parthenium
20171025-081146-1.jpg,3,Parthenium
20171025-100530-2.jpg,3,Parthenium
20171025-095509-2.jpg,3,Parthenium
20171025-091236-1.jpg,3,Parthenium
20170906-140108-2.jpg,3,Parthenium
20171025-094807-3.jpg,3,Parthenium
20171025-094805-2.jpg,3,Parthenium
20171025-093423-1.jpg,3,Parthenium
20171025-095527-3.jpg,3,Parthenium
20170906-112514-1.jpg,3,Parthenium
20171025-091240-2.jpg,3,Parthenium
20170913-102447-2.jpg,3,Parthenium
20171025-080211-2.jpg,3,Parthenium
20171025-075029-3.jpg,3,Parthenium
20170906-111214-1.jpg,3,Parthenium
20170913-102012-2.jpg,3,Parthenium
20171025-095017-3.jpg,3,Parthenium
20170913-103228-1.jpg,3,Parthenium
20171025-091859-1.jpg,3,Parthenium
20171025-095915-1.jpg,3,Parthenium
20170906-094730-1.jpg,3,Parthenium
20171025-090234-2.jpg,3,Parthenium
20171025-075448-2.jpg,3,Parthenium
20171025-075049-3.jpg,3,Parthenium
20170913-095446-2.jpg,3,Parthenium
20171025-093119-2.jpg,3,Parthenium
20170913-110924-1.jpg,3,Parthenium
20171025-095632-2.jpg,3,Parthenium
20170913-095654-2.jpg,3,Parthenium
20171025-074150-3.jpg,3,Parthenium
20170906-115242-1.jpg,3,Parthenium
20171025-095557-3.jpg,3,Parthenium
20170906-104826-1.jpg,3,Parthenium
20170913-100846-2.jpg,3,Parthenium
20170913-121031-3.jpg,3,Parthenium
20170913-104656-1.jpg,3,Parthenium
20171025-172145-3.jpg,3,Parthenium
20171025-083347-3.jpg,3,Parthenium
20171025-080822-2.jpg,3,Parthenium
20171025-100726-1.jpg,3,Parthenium
20170913-101122-2.jpg,3,Parthenium
20170913-101407-1.jpg,3,Parthenium
20170913-155520-3.jpg,3,Parthenium
20171025-090934-2.jpg,3,Parthenium
20171025-080530-1.jpg,3,Parthenium
20170906-112857-4.jpg,3,Parthenium
20170906-094133-4.jpg,3,Parthenium
20170913-101025-1.jpg,3,Parthenium
20170913-101930-2.jpg,3,Parthenium
20171025-094504-2.jpg,3,Parthenium
20171025-080506-1.jpg,3,Parthenium
20171025-074656-2.jpg,3,Parthenium
20171025-091745-1.jpg,3,Parthenium
20170906-110611-4.jpg,3,Parthenium
20171025-091935-1.jpg,3,Parthenium
20171025-081432-3.jpg,3,Parthenium
20170913-105740-1.jpg,3,Parthenium
20170714-140634-2.jpg,1,Lantana
20170610-123952-0.jpg,1,Lantana
20170715-120636-1.jpg,1,Lantana
20170714-143702-2.jpg,1,Lantana
20170804-132603-1.jpg,1,Lantana
20170714-114929-3.jpg,1,Lantana
20170714-175912-1.jpg,1,Lantana
20170715-173713-1.jpg,1,Lantana
20170715-114304-1.jpg,1,Lantana
20170714-114647-2.jpg,1,Lantana
20170714-190343-1.jpg,1,Lantana
20170715-154245-1.jpg,1,Lantana
20170130-102233-0.jpg,1,Lantana
20170714-113721-2.jpg,1,Lantana
20170714-190038-1.jpg,1,Lantana
20170714-143942-2.jpg,1,Lantana
20170714-142225-3.jpg,1,Lantana
20170126-095755-0.jpg,1,Lantana
20170127-101619-0.jpg,1,Lantana
20170714-120146-3.jpg,1,Lantana
20170714-112703-2.jpg,1,Lantana
20170714-143028-1.jpg,1,Lantana
20170715-103853-1.jpg,1,Lantana
20170127-102301-0.jpg,1,Lantana
20170714-110330-3.jpg,1,Lantana
20170714-113636-2.jpg,1,Lantana
20170610-123517-0.jpg,1,Lantana
20170130-102444-0.jpg,1,Lantana
20170714-142931-2.jpg,1,Lantana
20170714-111842-2.jpg,1,Lantana
20170714-120502-3.jpg,1,Lantana
20170127-102904-0.jpg,1,Lantana
20170130-102531-0.jpg,1,Lantana
20170714-170519-1.jpg,1,Lantana
20170714-120638-2.jpg,1,Lantana
20170130-102215-0.jpg,1,Lantana
20170714-144408-2.jpg,1,Lantana
20170127-102124-0.jpg,1,Lantana
20170804-132430-1.jpg,1,Lantana
20170714-143104-1.jpg,1,Lantana
20170126-100322-0.jpg,1,Lantana
20170610-124127-0.jpg,1,Lantana
20170715-140651-1.jpg,1,Lantana
20170126-095436-0.jpg,1,Lantana
20170127-101745-0.jpg,1,Lantana
20170715-135611-1.jpg,1,Lantana
20170714-131021-1.jpg,1,Lantana
20170715-155323-1.jpg,1,Lantana
20170714-142040-2.jpg,1,Lantana
20170714-122030-2.jpg,1,Lantana
20170714-121321-2.jpg,1,Lantana
20170610-122323-0.jpg,1,Lantana
20170714-142927-3.jpg,1,Lantana
20170714-143745-2.jpg,1,Lantana
20170715-143826-1.jpg,1,Lantana
20170715-111253-1.jpg,1,Lantana
20170714-115933-1.jpg,1,Lantana
20170501-143119-0.jpg,1,Lantana
20170715-160631-1.jpg,1,Lantana
20170714-115505-2.jpg,1,Lantana
20170714-122619-3.jpg,1,Lantana
20170714-115809-2.jpg,1,Lantana
20170714-143808-1.jpg,1,Lantana
20170714-143253-1.jpg,1,Lantana
20170714-110855-2.jpg,1,Lantana
20170714-141802-2.jpg,1,Lantana
20170714-150115-1.jpg,1,Lantana
20170130-102032-0.jpg,1,Lantana
20170714-111100-1.jpg,1,Lantana
20170714-150511-1.jpg,1,Lantana
20170714-131037-1.jpg,1,Lantana
20170714-141902-3.jpg,1,Lantana
20170126-095106-0.jpg,1,Lantana
20170714-112512-2.jpg,1,Lantana
20170610-122533-0.jpg,1,Lantana
20170714-115644-3.jpg,1,Lantana
20170714-110657-1.jpg,1,Lantana
20170714-113817-2.jpg,1,Lantana
20170130-102645-0.jpg,1,Lantana
20170714-143453-2.jpg,1,Lantana
20170127-101425-0.jpg,1,Lantana
20170714-150201-1.jpg,1,Lantana
20170714-143829-1.jpg,1,Lantana
20170610-123122-0.jpg,1,Lantana
20170714-121836-2.jpg,1,Lantana
20170714-142715-2.jpg,1,Lantana
20170715-140803-1.jpg,1,Lantana
20170715-131418-1.jpg,1,Lantana
20170714-190053-1.jpg,1,Lantana
20170501-143327-0.jpg,1,Lantana
20170127-101203-0.jpg,1,Lantana
20170610-122247-0.jpg,1,Lantana
20170714-110509-3.jpg,1,Lantana
20170714-130929-1.jpg,1,Lantana
20170715-164836-1.jpg,1,Lantana
20170715-154418-1.jpg,1,Lantana
20170610-122519-0.jpg,1,Lantana
20170714-142559-2.jpg,1,Lantana
20170127-102221-0.jpg,1,Lantana
20170715-114504-1.jpg,1,Lantana
20170714-150220-1.jpg,1,Lantana
20170130-102729-0.jpg,1,Lantana
20170714-114444-2.jpg,1,Lantana
20170501-143907-0.jpg,1,Lantana
20170126-100200-0.jpg,1,Lantana
20170714-142307-2.jpg,1,Lantana
20170714-112219-2.jpg,1,Lantana
20170714-142304-3.jpg,1,Lantana
20170501-143839-0.jpg,1,Lantana
20170714-141938-3.jpg,1,Lantana
20170714-142422-2.jpg,1,Lantana
20170714-185839-1.jpg,1,Lantana
20170714-145855-1.jpg,1,Lantana
20170714-111940-2.jpg,1,Lantana
20170715-131853-1.jpg,1,Lantana
20170501-142614-0.jpg,1,Lantana
20170501-142811-0.jpg,1,Lantana
20170714-133313-1.jpg,1,Lantana
20170126-095541-0.jpg,1,Lantana
20170714-141955-3.jpg,1,Lantana
20170610-123859-0.jpg,1,Lantana
20170610-122807-0.jpg,1,Lantana
20170501-143023-0.jpg,1,Lantana
20170715-155256-1.jpg,1,Lantana
20170714-165953-1.jpg,1,Lantana
20170714-112144-3.jpg,1,Lantana
20170714-120132-2.jpg,1,Lantana
20170127-101822-0.jpg,1,Lantana
20170715-100013-1.jpg,1,Lantana
20170714-120008-1.jpg,1,Lantana
20170714-143259-3.jpg,1,Lantana
20170714-142101-3.jpg,1,Lantana
20170610-122817-0.jpg,1,Lantana
20170714-140644-1.jpg,1,Lantana
20170714-120921-2.jpg,1,Lantana
20170714-115754-3.jpg,1,Lantana
20170715-154122-1.jpg,1,Lantana
20170714-135041-3.jpg,1,Lantana
20170127-101912-0.jpg,1,Lantana
20170714-140404-1.jpg,1,Lantana
20170715-132920-1.jpg,1,Lantana
20170714-141314-3.jpg,1,Lantana
20170610-124231-0.jpg,1,Lantana
20170715-150734-1.jpg,1,Lantana
20170714-113030-2.jpg,1,Lantana
20170714-122340-2.jpg,1,Lantana
20170714-111501-2.jpg,1,Lantana
20170127-102630-0.jpg,1,Lantana
20170714-120129-3.jpg,1,Lantana
20170130-102305-0.jpg,1,Lantana
20170714-114911-3.jpg,1,Lantana
20170127-101959-0.jpg,1,Lantana
20170610-124114-0.jpg,1,Lantana
20170714-110717-1.jpg,1,Lantana
20170126-100130-0.jpg,1,Lantana
20170714-140523-2.jpg,1,Lantana
20170714-135749-2.jpg,1,Lantana
20170715-125342-1.jpg,1,Lantana
20170714-130023-1.jpg,1,Lantana
20170715-164851-1.jpg,1,Lantana
20170714-115904-1.jpg,1,Lantana
20170715-102734-1.jpg,1,Lantana
20170714-170534-1.jpg,1,Lantana
20170714-112727-2.jpg,1,Lantana
20170715-160326-1.jpg,1,Lantana
20170714-140428-2.jpg,1,Lantana
20170127-101902-0.jpg,1,Lantana
20170522-123520-0.jpg,1,Lantana
20170714-122419-3.jpg,1,Lantana
20170714-115400-2.jpg,1,Lantana
20170714-113205-2.jpg,1,Lantana
20170714-143549-1.jpg,1,Lantana
20170715-174945-1.jpg,1,Lantana
20170522-123416-0.jpg,1,Lantana
20170714-111017-1.jpg,1,Lantana
20170610-124209-0.jpg,1,Lantana
20170126-100311-0.jpg,1,Lantana
20170715-154735-1.jpg,1,Lantana
20170715-141207-1.jpg,1,Lantana
20170126-095837-0.jpg,1,Lantana
20170714-170622-1.jpg,1,Lantana
20170714-131200-1.jpg,1,Lantana
20170714-115525-3.jpg,1,Lantana
20170126-100338-0.jpg,1,Lantana
20170127-102841-0.jpg,1,Lantana
20170501-143630-0.jpg,1,Lantana
20170130-102324-0.jpg,1,Lantana
20170715-141629-1.jpg,1,Lantana
20170714-115632-2.jpg,1,Lantana
20170714-190227-1.jpg,1,Lantana
20170715-153540-1.jpg,1,Lantana
20170610-122404-0.jpg,1,Lantana
20170706-130237-3.jpg,1,Lantana
20170714-142847-3.jpg,1,Lantana
20170501-142943-0.jpg,1,Lantana
20170714-120748-3.jpg,1,Lantana
20170715-160253-1.jpg,1,Lantana
20170715-104201-1.jpg,1,Lantana
20170714-110750-3.jpg,1,Lantana
20170714-110704-3.jpg,1,Lantana
20170715-140313-1.jpg,1,Lantana
20170210-131138-0.jpg,7,Snake weed
20170217-113200-0.jpg,7,Snake weed
20170410-153320-0.jpg,7,Snake weed
20170630-155919-0.jpg,7,Snake weed
20170913-104511-1.jpg,3,Parthenium
20170906-111807-4.jpg,3,Parthenium
20170906-114011-2.jpg,3,Parthenium
20170913-105154-2.jpg,3,Parthenium